<?xml version="1.0" encoding="UTF-8"?>
<configuration>

    <appender name="STDOUT" class="ch.qos.logback.core.ConsoleAppender">
        <layout class="ch.qos.logback.classic.PatternLayout">
            <Pattern>%d{HH:mm:ss.SSS} [%thread] %-5level %logger - %msg%n</Pattern>
        </layout>
    </appender>

    <logger name="ch.qos.logback" level="ERROR"/>
    <logger name="com.datastax.driver" level="ERROR"/>
    <logger name="com.datastax.enablement" level="ERROR"/>
    <logger name="com.datastax.enablement.debugging" level="ERROR"/>
    <logger name="com.datastax.enablement.builder" level="ERROR"/>
    <logger name="com.datastax.enablement.analytics" level="ERROR"/>
    <logger name="com.datastax.driver.core.Native" level="ERROR" />
    <logger name="com.datastax.academy" level="DEBUG"/>
    <logger name="com.datastax.oss.driver" level="ERROR"/>

    <root level="info">
        <appender-ref ref="STDOUT" />
    </root>
</configuration>
