<configuration scan="true">
      
    <appender name="STDOUT" class="ch.qos.logback.core.ConsoleAppender">
        <encoder>
       		<pattern>%d{HH:mm:ss.SSS} %magenta(%-5level) %cyan(%-45logger) : %msg%n</pattern>
        </encoder>
    </appender>

    <logger name="killrvideo" level="DEBUG" additivity="false">
        <appender-ref ref="STDOUT" />
    </logger>

    <logger name="ACHILLES_DML_STATEMENT" level="DEBUG" additivity="false">
        <appender-ref ref="STDOUT" />
    </logger>

    <root level="WARN">
        <appender-ref ref="STDOUT" />
    </root>
</configuration>